{
  "src_folders": [
    "nightwatch/tests"
  ],
  "output_folder": "reports",
  "custom_commands_path": "nightwatch/commands",
  "custom_assertions_path": "",
  "page_objects_path": "",
  "globals_path": "globals.js",
  "selenium": {
    "start_process": true,
    "server_path": "./selenium-server-standalone.jar",
    "log_path": "",
    "port": 4444,
    "cli_args": {
      "webdriver.chrome.driver": "./node_modules/.bin/chromedriver",
      "webdriver.gecko.driver": "./node_modules/.bin/geckodriver"
    }
  },
  "test_workers": {
    "enabled": true,
    "workers": "auto"
  },
  "test_settings": {
    "default": {
      "desiredCapabilities": {
        "browserName": "chrome"
      }
    },
    "chromeDesktop": {
      "desiredCapabilities": {
        "browserName": "chrome",
        "chromeOptions": {
          "args": [
            "window-size=1366,768"
          ]
        }
      }
    },
    "chromeHeadless": {
      "desiredCapabilities": {
        "browserName": "chrome",
        "chromeOptions": {
          "args": [
            "headless"
          ]
        }
      }
    },
    "firefoxDesktop": {
      "desiredCapabilities": {
        "browserName": "firefox",
        "moz:firefoxOptions": {
          "args": [
            "window-size=1366,768"
          ]
        }
      }
    },
    "firefoxHeadless": {
      "desiredCapabilities": {
        "browserName": "firefox",
        "moz:firefoxOptions": {
          "args": [
            "-headless"
          ]
        }
      }
    }
  }
}