{
  "src_folders": [
    "nightwatch/tests"
  ],
  "output_folder": "reports",
  "custom_commands_path": "",
  "custom_assertions_path": "",
  "page_objects_path": "",
  "globals_path": "globals.js",
  "selenium": {
    "start_process": false,
    "server_path": "",
    "log_path": "",
    "port": 4444,
    "cli_args": {
      "webdriver.chrome.driver": "",
      "webdriver.gecko.driver": "",
      "webdriver.edge.driver": ""
    }
  },
  "test_settings": {
    "default": {
      "selenium_port": 9515,
      "selenium_host": "localhost",
      "default_path_prefix": "",
      "desiredCapabilities": {
        "browserName": "chrome",
        "chromeOptions": {
          "args": [
            "--no-sandbox"
          ]
        },
        "acceptSslCerts": true
      }
    },
    "chrome": {
      "desiredCapabilities": {
        "browserName": "chrome"
      }
    },
    "edge": {
      "desiredCapabilities": {
        "browserName": "MicrosoftEdge"
      }
    }
  }
}